Title,URL
Bảng giá đất mới có thể đẩy giá nhà lên 15-20%,https://vnexpress.net/bang-gia-dat-moi-co-the-day-gia-nha-len-15-20-4796602.html
"Sửa luật, giữ 'đại bàng'",https://vnexpress.net/sua-luat-giu-dai-bang-4796200.html
Hà Nội không bắn pháo hoa dịp 10/10,https://vnexpress.net/ha-noi-khong-ban-phao-hoa-dip-10-10-4796620.html
"Israel không kích thành trì của Hezbollah, 'hạ sát chỉ huy'",https://vnexpress.net/israel-khong-kich-thanh-tri-cua-hezbollah-ha-sat-chi-huy-4796637.html
Thủ tướng: Phấn đấu hoàn thành sân bay Long Thành năm 2025,https://vnexpress.net/thu-tuong-phan-dau-hoan-thanh-san-bay-long-thanh-nam-2025-4796401.html
Cựu cán bộ địa chính lừa 44 tỷ của 12 người 'lướt sóng' đất Hà Đông,https://vnexpress.net/cuu-can-bo-dia-chinh-lua-44-ty-cua-12-nguoi-luot-song-dat-ha-dong-4796641.html
Bỏ đề xuất sinh viên không được làm thêm quá 24 giờ mỗi tuần,https://vnexpress.net/bo-de-xuat-sinh-vien-khong-duoc-lam-them-qua-24-gio-moi-tuan-4796489.html
Tổng thống Iran: Không thể để Lebanon thành Gaza thứ hai,https://vnexpress.net/tong-thong-iran-khong-the-de-lebanon-thanh-gaza-thu-hai-4796619.html
TP HCM nghiên cứu làm nút giao nối Cần Giờ với cao tốc Bến Lức,https://vnexpress.net/tp-hcm-nghien-cuu-lam-nut-giao-noi-can-gio-voi-cao-toc-ben-luc-4796589.html
Đề xuất điều chuyển thuốc BHYT giữa các bệnh viện,https://vnexpress.net/de-xuat-dieu-chuyen-thuoc-bhyt-giua-cac-benh-vien-4796610.html
Luật sư: 'Người bạn ở Mỹ' muốn giúp bà Trương Mỹ Lan bồi thường,https://vnexpress.net/luat-su-nguoi-ban-o-my-muon-giup-ba-truong-my-lan-boi-thuong-4796554.html
Tổng biên tập tạp chí Môi trường và Đô thị Việt Nam bị tạm giữ,https://vnexpress.net/tong-bien-tap-tap-chi-moi-truong-va-do-thi-viet-nam-bi-tam-giu-4796618.html
Tia hy vọng khi Israel - Hezbollah chưa tuyên chiến,https://vnexpress.net/tia-hy-vong-khi-israel-hezbollah-chua-tuyen-chien-4796286.html
Trong mắt bão Yagi,https://vnexpress.net/trong-mat-bao-yagi-4795556.html
UOB hạ dự báo tăng trưởng Việt Nam do bão Yagi,https://vnexpress.net/uob-ha-du-bao-tang-truong-viet-nam-do-bao-yagi-4796570.html
iPhone 16 bán kiểu 'bia kèm lạc' tại Việt Nam,https://vnexpress.net/iphone-16-ban-kieu-bia-kem-lac-tai-viet-nam-4796218.html
Gần 400 bộ đội rút khỏi Làng Nủ,https://vnexpress.net/gan-400-bo-doi-rut-khoi-lang-nu-4796407.html
'Người nổi tiếng phải sử dụng sản phẩm mới được quảng cáo',https://vnexpress.net/nguoi-noi-tieng-phai-su-dung-san-pham-moi-duoc-quang-cao-4796451.html
Giá dầu tăng cao vì căng thẳng Trung Đông,https://vnexpress.net/gia-dau-tang-cao-vi-cang-thang-trung-dong-4796487.html
Vì sao Công Phượng chọn đội hạng Nhất?,https://vnexpress.net/vi-sao-cong-phuong-chon-doi-hang-nhat-4796529.html
"Hơ lửa, dùng búa thử độ bền iPhone 16 Pro Max",https://vnexpress.net/ho-lua-dung-bua-thu-do-ben-iphone-16-pro-max-4796329.html
"Nghi phạm giết người, phi tang xác ở Thái Lan bị bắt tại Việt Nam",https://vnexpress.net/nghi-pham-giet-nguoi-phi-tang-xac-o-thai-lan-bi-bat-tai-viet-nam-4796509.html
Phòng không Israel để lọt rocket Hezbollah,https://vnexpress.net/phong-khong-israel-de-lot-rocket-hezbollah-4796495.html
247 quân nhân lên đường tham gia gìn giữ hòa bình Liên Hợp Quốc,https://vnexpress.net/247-quan-nhan-len-duong-tham-gia-gin-giu-hoa-binh-lien-hop-quoc-4796420.html
Đề xuất giảm lệ phí trước bạ xe hybrid tại Việt Nam,https://vnexpress.net/de-xuat-giam-le-phi-truoc-ba-xe-hybrid-tai-viet-nam-4796332.html
